"FIPSCODE","PSTATABB","CNTYNAME","Category"
"01015","AL","Calhoun","Contains solar/wind"
"01017","AL","Chambers","Contains solar/wind"
"01019","AL","Cherokee","Other plant"
"01021","AL","Chilton","Other plant"
"01023","AL","Choctaw","Other plant"
"01025","AL","Clarke","Other plant"
"01033","AL","Colbert","Contains solar/wind"
"01037","AL","Coosa","Other plant"
"01039","AL","Covington","Contains FF and solar/wind "
"01045","AL","Dale","Contains solar/wind"
"01047","AL","Dallas","Contains FF"
"01051","AL","Elmore","Other plant"
"01053","AL","Escambia","Other plant"
"01063","AL","Greene","Contains FF"
"01065","AL","Hale","Other plant"
"01069","AL","Houston","Other plant"
"01073","AL","Jefferson","Contains FF"
"01077","AL","Lauderdale","Contains solar/wind"
"01079","AL","Lawrence","Other plant"
"01081","AL","Lee","Contains FF"
"01083","AL","Limestone","Contains solar/wind"
"01085","AL","Lowndes","Contains FF"
"01089","AL","Madison","Contains solar/wind"
"01091","AL","Marengo","Other plant"
"01095","AL","Marshall","Other plant"
"01097","AL","Mobile","Contains FF"
"01099","AL","Monroe","Other plant"
"01101","AL","Montgomery","Contains solar/wind"
"01103","AL","Morgan","Contains FF"
"01111","AL","Randolph","Other plant"
"01113","AL","Russell","Other plant"
"01117","AL","Shelby","Contains FF"
"01121","AL","Talladega","Contains FF"
"01123","AL","Tallapoosa","Contains FF"
"01125","AL","Tuscaloosa","Other plant"
"01127","AL","Walker","Other plant"
"01129","AL","Washington","Contains FF"
"01131","AL","Wilcox","Other plant"
"05001","AR","Arkansas","Contains solar/wind"
"05003","AR","Ashley","Contains FF and solar/wind "
"05005","AR","Baxter","Other plant"
"05007","AR","Benton","Contains FF"
"05013","AR","Calhoun","Contains solar/wind"
"05015","AR","Carroll","Contains solar/wind"
"05017","AR","Chicot","Contains solar/wind"
"05019","AR","Clark","Other plant"
"05021","AR","Clay","Contains solar/wind"
"05023","AR","Cleburne","Other plant"
"05029","AR","Conway","Other plant"
"05031","AR","Craighead","Contains FF and solar/wind "
"05033","AR","Crawford","Other plant"
"05041","AR","Desha","Other plant"
"05047","AR","Franklin","Contains FF and solar/wind "
"05051","AR","Garland","Contains solar/wind"
"05055","AR","Greene","Contains solar/wind"
"05057","AR","Hempstead","Contains FF"
"05059","AR","Hot Spring","Contains FF"
"05063","AR","Independence","Contains FF"
"05067","AR","Jackson","Contains solar/wind"
"05069","AR","Jefferson","Contains FF"
"05071","AR","Johnson","Contains solar/wind"
"05079","AR","Lincoln","Contains solar/wind"
"05081","AR","Little River","Other plant"
"05083","AR","Logan","Contains solar/wind"
"05089","AR","Marion","Other plant"
"05093","AR","Mississippi","Contains FF"
"05103","AR","Ouachita","Contains FF and solar/wind "
"05109","AR","Pike","Other plant"
"05115","AR","Pope","Other plant"
"05119","AR","Pulaski","Contains FF"
"05123","AR","St Francis","Contains solar/wind"
"05125","AR","Saline","Contains solar/wind"
"05137","AR","Stone","Other plant"
"05139","AR","Union","Contains FF"
"05143","AR","Washington","Contains FF and solar/wind "
"05145","AR","White","Contains solar/wind"
"12001","FL","Alachua","Contains FF and solar/wind "
"12003","FL","Baker","Contains solar/wind"
"12005","FL","Bay","Contains FF and solar/wind "
"12009","FL","Brevard","Contains FF and solar/wind "
"12011","FL","Broward","Contains FF and solar/wind "
"12013","FL","Calhoun","Contains solar/wind"
"12015","FL","Charlotte","Contains solar/wind"
"12017","FL","Citrus","Contains FF and solar/wind "
"12019","FL","Clay","Contains solar/wind"
"12021","FL","Collier","Contains solar/wind"
"12023","FL","Columbia","Contains solar/wind"
"12027","FL","DeSoto","Contains solar/wind"
"12031","FL","Duval","Contains FF and solar/wind "
"12033","FL","Escambia","Contains FF and solar/wind "
"12039","FL","Gadsden","Contains solar/wind"
"12041","FL","Gilchrist","Contains solar/wind"
"12047","FL","Hamilton","Contains solar/wind"
"12049","FL","Hardee","Contains FF and solar/wind "
"12051","FL","Hendry","Contains solar/wind"
"12053","FL","Hernando","Other plant"
"12055","FL","Highlands","Contains solar/wind"
"12057","FL","Hillsborough","Contains FF and solar/wind "
"12061","FL","Indian River","Contains solar/wind"
"12063","FL","Jackson","Contains solar/wind"
"12069","FL","Lake","Contains FF"
"12071","FL","Lee","Contains FF"
"12073","FL","Leon","Contains FF and solar/wind "
"12075","FL","Levy","Contains solar/wind"
"12081","FL","Manatee","Contains FF and solar/wind "
"12083","FL","Marion","Other plant"
"12085","FL","Martin","Contains FF and solar/wind "
"12086","FL","Miami Dade","Contains solar/wind"
"12089","FL","Nassau","Contains FF and solar/wind "
"12091","FL","Okaloosa","Contains solar/wind"
"12093","FL","Okeechobee","Contains FF and solar/wind "
"12095","FL","Orange","Contains FF and solar/wind "
"12097","FL","Osceola","Contains FF and solar/wind "
"12099","FL","Palm Beach","Contains FF and solar/wind "
"12101","FL","Pasco","Contains FF and solar/wind "
"12103","FL","Pinellas","Contains FF and solar/wind "
"12105","FL","Polk","Contains FF and solar/wind "
"12107","FL","Putnam","Contains FF and solar/wind "
"12109","FL","St Johns","Contains solar/wind"
"12111","FL","St Lucie","Contains FF and solar/wind "
"12113","FL","Santa Rosa","Contains FF and solar/wind "
"12115","FL","Sarasota","Other plant"
"12117","FL","Seminole","Contains solar/wind"
"12121","FL","Suwannee","Contains FF and solar/wind "
"12123","FL","Taylor","Contains solar/wind"
"12125","FL","Union","Contains solar/wind"
"12127","FL","Volusia","Contains FF and solar/wind "
"12129","FL","Wakulla","Contains FF"
"12131","FL","Walton","Contains solar/wind"
"12133","FL","Washington","Contains solar/wind"
"13001","GA","Appling","Contains solar/wind"
"13009","GA","Baldwin","Other plant"
"13013","GA","Barrow","Contains solar/wind"
"13015","GA","Bartow","Contains FF"
"13021","GA","Bibb","Contains solar/wind"
"13023","GA","Bleckley","Contains solar/wind"
"13027","GA","Brooks","Contains solar/wind"
"13029","GA","Bryan","Contains solar/wind"
"13031","GA","Bulloch","Contains solar/wind"
"13033","GA","Burke","Contains solar/wind"
"13039","GA","Camden","Contains solar/wind"
"13043","GA","Candler","Contains solar/wind"
"13049","GA","Charlton","Contains solar/wind"
"13051","GA","Chatham","Contains FF and solar/wind "
"13053","GA","Chattahoochee","Contains solar/wind"
"13059","GA","Clarke","Other plant"
"13061","GA","Clay","Contains solar/wind"
"13067","GA","Cobb","Contains FF and solar/wind "
"13071","GA","Colquitt","Contains solar/wind"
"13073","GA","Columbia","Contains solar/wind"
"13077","GA","Coweta","Contains FF"
"13087","GA","Decatur","Contains solar/wind"
"13095","GA","Dougherty","Contains solar/wind"
"13097","GA","Douglas","Contains solar/wind"
"13099","GA","Early","Contains solar/wind"
"13103","GA","Effingham","Contains FF and solar/wind "
"13105","GA","Elbert","Contains solar/wind"
"13107","GA","Emanuel","Contains solar/wind"
"13111","GA","Fannin","Other plant"
"13115","GA","Floyd","Contains FF"
"13117","GA","Forsyth","Other plant"
"13119","GA","Franklin","Contains solar/wind"
"13121","GA","Fulton","Contains FF and solar/wind "
"13127","GA","Glynn","Contains solar/wind"
"13131","GA","Grady","Contains solar/wind"
"13133","GA","Greene","Contains solar/wind"
"13135","GA","Gwinnett","Other plant"
"13137","GA","Habersham","Other plant"
"13141","GA","Hancock","Other plant"
"13145","GA","Harris","Contains solar/wind"
"13147","GA","Hart","Contains FF"
"13149","GA","Heard","Contains FF"
"13153","GA","Houston","Contains FF and solar/wind "
"13157","GA","Jackson","Contains FF"
"13159","GA","Jasper","Other plant"
"13161","GA","Jeff Davis","Contains solar/wind"
"13163","GA","Jefferson","Contains solar/wind"
"13165","GA","Jenkins","Contains solar/wind"
"13171","GA","Lamar","Other plant"
"13173","GA","Lanier","Contains solar/wind"
"13175","GA","Laurens","Contains solar/wind"
"13177","GA","Lee","Contains solar/wind"
"13179","GA","Liberty","Contains solar/wind"
"13185","GA","Lowndes","Contains solar/wind"
"13193","GA","Macon","Other plant"
"13195","GA","Madison","Contains solar/wind"
"13199","GA","Meriwether","Contains solar/wind"
"13205","GA","Mitchell","Contains FF and solar/wind "
"13207","GA","Monroe","Contains FF"
"13213","GA","Murray","Contains FF and solar/wind "
"13215","GA","Muscogee","Contains solar/wind"
"13225","GA","Peach","Contains solar/wind"
"13233","GA","Polk","Contains FF and solar/wind "
"13237","GA","Putnam","Contains solar/wind"
"13241","GA","Rabun","Other plant"
"13243","GA","Randolph","Contains solar/wind"
"13245","GA","Richmond","Contains solar/wind"
"13253","GA","Seminole","Contains solar/wind"
"13255","GA","Spalding","Other plant"
"13257","GA","Stephens","Other plant"
"13259","GA","Stewart","Contains solar/wind"
"13261","GA","Sumter","Contains solar/wind"
"13263","GA","Talbot","Contains FF"
"13267","GA","Tattnall","Contains solar/wind"
"13269","GA","Taylor","Contains solar/wind"
"13271","GA","Telfair","Contains solar/wind"
"13273","GA","Terrell","Contains solar/wind"
"13275","GA","Thomas","Contains solar/wind"
"13277","GA","Tift","Contains solar/wind"
"13285","GA","Troup","Contains solar/wind"
"13289","GA","Twiggs","Contains solar/wind"
"13291","GA","Union","Other plant"
"13293","GA","Upson","Contains FF and solar/wind "
"13297","GA","Walton","Contains FF and solar/wind "
"13299","GA","Ware","Contains solar/wind"
"13301","GA","Warren","Contains solar/wind"
"13303","GA","Washington","Contains FF and solar/wind "
"13305","GA","Wayne","Contains solar/wind"
"13319","GA","Wilkinson","Contains solar/wind"
"13321","GA","Worth","Other plant"
"21009","KY","Barren","Other plant"
"21015","KY","Boone","Contains FF and solar/wind "
"21023","KY","Bracken","Other plant"
"21041","KY","Carroll","Contains FF"
"21049","KY","Clark","Contains FF and solar/wind "
"21065","KY","Estill","Other plant"
"21079","KY","Garrard","Contains solar/wind"
"21081","KY","Grant","Contains solar/wind"
"21089","KY","Greenup","Other plant"
"21091","KY","Hancock","Other plant"
"21093","KY","Hardin","Other plant"
"21111","KY","Jefferson","Contains FF"
"21117","KY","Kenton","Contains solar/wind"
"21125","KY","Laurel","Other plant"
"21127","KY","Lawrence","Contains FF"
"21139","KY","Livingston","Other plant"
"21143","KY","Lyon","Other plant"
"21145","KY","McCracken","Contains FF"
"21157","KY","Marshall","Contains FF"
"21161","KY","Mason","Contains FF"
"21167","KY","Mercer","Contains FF"
"21177","KY","Muhlenberg","Contains FF"
"21183","KY","Ohio","Contains FF"
"21191","KY","Pendleton","Other plant"
"21199","KY","Pulaski","Contains FF"
"21205","KY","Rowan","Other plant"
"21207","KY","Russell","Other plant"
"21209","KY","Scott","Other plant"
"21217","KY","Taylor","Other plant"
"21223","KY","Trimble","Contains FF"
"21233","KY","Webster","Contains FF"
"22001","LA","Acadia","Contains FF"
"22005","LA","Ascension","Contains FF"
"22011","LA","Beauregard","Other plant"
"22017","LA","Caddo","Contains FF"
"22019","LA","Calcasieu","Contains FF"
"22029","LA","Concordia","Other plant"
"22031","LA","DeSoto","Contains FF"
"22033","LA","East Baton Rouge","Contains FF"
"22039","LA","Evangeline","Contains FF"
"22047","LA","Iberville","Contains FF"
"22049","LA","Jackson","Other plant"
"22051","LA","Jefferson","Contains FF"
"22055","LA","Lafayette","Contains FF"
"22061","LA","Lincoln","Contains FF"
"22069","LA","Natchitoches","Other plant"
"22071","LA","Orleans","Contains FF and solar/wind "
"22073","LA","Ouachita","Contains FF"
"22075","LA","Plaquemines","Contains FF"
"22077","LA","Pointe Coupee","Contains FF"
"22079","LA","Rapides","Contains FF"
"22081","LA","Red River","Other plant"
"22087","LA","St Bernard","Other plant"
"22089","LA","St Charles","Contains FF"
"22093","LA","St James","Contains FF and solar/wind "
"22101","LA","St Mary","Contains FF"
"22117","LA","Washington","Contains FF and solar/wind "
"22121","LA","West Baton Rouge","Contains FF and solar/wind "
"22125","LA","West Feliciana","Other plant"
"28007","MS","Attala","Contains FF"
"28009","MS","Benton","Contains FF"
"28015","MS","Carroll","Contains solar/wind"
"28017","MS","Chickasaw","Contains solar/wind"
"28019","MS","Choctaw","Contains FF"
"28021","MS","Claiborne","Other plant"
"28027","MS","Coahoma","Contains FF"
"28035","MS","Forrest","Contains solar/wind"
"28039","MS","George","Contains FF"
"28047","MS","Harrison","Contains FF and solar/wind "
"28049","MS","Hinds","Contains FF"
"28059","MS","Jackson","Contains FF"
"28065","MS","Jefferson Davis","Contains FF"
"28067","MS","Jones","Contains FF"
"28069","MS","Kemper","Contains FF"
"28073","MS","Lamar","Contains FF and solar/wind "
"28075","MS","Lauderdale","Contains solar/wind"
"28077","MS","Lawrence","Other plant"
"28079","MS","Leake","Contains solar/wind"
"28087","MS","Lowndes","Contains FF"
"28093","MS","Marshall","Contains solar/wind"
"28107","MS","Panola","Contains FF"
"28111","MS","Perry","Other plant"
"28121","MS","Rankin","Contains solar/wind"
"28129","MS","Smith","Contains FF"
"28133","MS","Sunflower","Contains solar/wind"
"28149","MS","Warren","Contains FF"
"28151","MS","Washington","Contains FF"
"28163","MS","Yazoo","Contains FF"
"37001","NC","Alamance","Contains solar/wind"
"37003","NC","Alexander","Contains solar/wind"
"37007","NC","Anson","Contains FF and solar/wind "
"37013","NC","Beaufort","Contains solar/wind"
"37015","NC","Bertie","Contains solar/wind"
"37017","NC","Bladen","Contains solar/wind"
"37019","NC","Brunswick","Contains solar/wind"
"37021","NC","Buncombe","Contains FF and solar/wind "
"37023","NC","Burke","Contains solar/wind"
"37025","NC","Cabarrus","Contains solar/wind"
"37027","NC","Caldwell","Contains solar/wind"
"37029","NC","Camden","Contains solar/wind"
"37033","NC","Caswell","Contains solar/wind"
"37035","NC","Catawba","Contains FF and solar/wind "
"37037","NC","Chatham","Contains solar/wind"
"37039","NC","Cherokee","Other plant"
"37041","NC","Chowan","Contains solar/wind"
"37043","NC","Clay","Other plant"
"37045","NC","Cleveland","Contains FF and solar/wind "
"37047","NC","Columbus","Contains solar/wind"
"37049","NC","Craven","Contains solar/wind"
"37051","NC","Cumberland","Contains solar/wind"
"37053","NC","Currituck","Contains solar/wind"
"37057","NC","Davidson","Other plant"
"37059","NC","Davie","Contains solar/wind"
"37061","NC","Duplin","Contains solar/wind"
"37063","NC","Durham","Contains solar/wind"
"37065","NC","Edgecombe","Contains solar/wind"
"37067","NC","Forsyth","Contains solar/wind"
"37069","NC","Franklin","Contains solar/wind"
"37071","NC","Gaston","Contains FF and solar/wind "
"37073","NC","Gates","Contains solar/wind"
"37075","NC","Graham","Other plant"
"37077","NC","Granville","Contains solar/wind"
"37079","NC","Greene","Contains solar/wind"
"37081","NC","Guilford","Contains solar/wind"
"37083","NC","Halifax","Contains solar/wind"
"37085","NC","Harnett","Contains solar/wind"
"37087","NC","Haywood","Contains FF and solar/wind "
"37089","NC","Henderson","Contains solar/wind"
"37091","NC","Hertford","Contains solar/wind"
"37093","NC","Hoke","Contains solar/wind"
"37095","NC","Hyde","Contains solar/wind"
"37097","NC","Iredell","Contains solar/wind"
"37099","NC","Jackson","Other plant"
"37101","NC","Johnston","Contains solar/wind"
"37103","NC","Jones","Contains solar/wind"
"37105","NC","Lee","Contains solar/wind"
"37107","NC","Lenoir","Contains FF and solar/wind "
"37109","NC","Lincoln","Contains solar/wind"
"37113","NC","Macon","Other plant"
"37115","NC","Madison","Contains solar/wind"
"37117","NC","Martin","Contains solar/wind"
"37119","NC","Mecklenburg","Contains solar/wind"
"37123","NC","Montgomery","Contains solar/wind"
"37125","NC","Moore","Contains solar/wind"
"37127","NC","Nash","Contains solar/wind"
"37129","NC","New Hanover","Contains FF and solar/wind "
"37131","NC","Northampton","Contains solar/wind"
"37133","NC","Onslow","Contains solar/wind"
"37135","NC","Orange","Contains FF and solar/wind "
"37137","NC","Pamlico","Contains solar/wind"
"37139","NC","Pasquotank","Contains solar/wind"
"37141","NC","Pender","Contains solar/wind"
"37143","NC","Perquimans","Contains solar/wind"
"37145","NC","Person","Contains FF and solar/wind "
"37147","NC","Pitt","Contains solar/wind"
"37149","NC","Polk","Other plant"
"37151","NC","Randolph","Contains solar/wind"
"37153","NC","Richmond","Contains FF and solar/wind "
"37155","NC","Robeson","Contains solar/wind"
"37157","NC","Rockingham","Contains FF and solar/wind "
"37159","NC","Rowan","Contains FF and solar/wind "
"37161","NC","Rutherford","Contains solar/wind"
"37163","NC","Sampson","Contains solar/wind"
"37165","NC","Scotland","Contains solar/wind"
"37167","NC","Stanly","Contains solar/wind"
"37169","NC","Stokes","Contains FF and solar/wind "
"37171","NC","Surry","Contains solar/wind"
"37173","NC","Swain","Other plant"
"37179","NC","Union","Contains solar/wind"
"37181","NC","Vance","Contains solar/wind"
"37183","NC","Wake","Contains FF and solar/wind "
"37185","NC","Warren","Contains solar/wind"
"37187","NC","Washington","Contains solar/wind"
"37191","NC","Wayne","Contains FF and solar/wind "
"37195","NC","Wilson","Contains FF and solar/wind "
"37197","NC","Yadkin","Contains solar/wind"
"45003","SC","Aiken","Contains FF and solar/wind "
"45005","SC","Allendale","Contains solar/wind"
"45007","SC","Anderson","Contains FF and solar/wind "
"45009","SC","Bamberg","Contains solar/wind"
"45011","SC","Barnwell","Contains solar/wind"
"45013","SC","Beaufort","Contains FF and solar/wind "
"45015","SC","Berkeley","Contains FF and solar/wind "
"45017","SC","Calhoun","Contains FF and solar/wind "
"45019","SC","Charleston","Contains FF"
"45021","SC","Cherokee","Contains FF and solar/wind "
"45023","SC","Chester","Other plant"
"45025","SC","Chesterfield","Contains solar/wind"
"45027","SC","Clarendon","Contains solar/wind"
"45029","SC","Colleton","Contains solar/wind"
"45031","SC","Darlington","Contains solar/wind"
"45033","SC","Dillon","Contains solar/wind"
"45035","SC","Dorchester","Other plant"
"45039","SC","Fairfield","Other plant"
"45041","SC","Florence","Contains solar/wind"
"45043","SC","Georgetown","Contains FF"
"45045","SC","Greenville","Contains solar/wind"
"45047","SC","Greenwood","Contains solar/wind"
"45049","SC","Hampton","Contains solar/wind"
"45051","SC","Horry","Contains solar/wind"
"45053","SC","Jasper","Contains FF and solar/wind "
"45055","SC","Kershaw","Other plant"
"45057","SC","Lancaster","Contains solar/wind"
"45061","SC","Lee","Contains solar/wind"
"45063","SC","Lexington","Contains FF and solar/wind "
"45065","SC","McCormick","Other plant"
"45067","SC","Marion","Contains solar/wind"
"45069","SC","Marlboro","Contains solar/wind"
"45071","SC","Newberry","Contains solar/wind"
"45073","SC","Oconee","Contains FF"
"45075","SC","Orangeburg","Contains FF and solar/wind "
"45077","SC","Pickens","Contains FF"
"45079","SC","Richland","Contains FF and solar/wind "
"45081","SC","Saluda","Contains solar/wind"
"45083","SC","Spartanburg","Contains solar/wind"
"45087","SC","Union","Contains solar/wind"
"45089","SC","Williamsburg","Contains solar/wind"
"45091","SC","York","Other plant"
"47001","TN","Anderson","Contains FF and solar/wind "
"47003","TN","Bedford","Contains solar/wind"
"47005","TN","Benton","Other plant"
"47009","TN","Blount","Other plant"
"47019","TN","Carter","Other plant"
"47027","TN","Clay","Other plant"
"47037","TN","Davidson","Contains FF and solar/wind "
"47041","TN","DeKalb","Other plant"
"47043","TN","Dickson","Other plant"
"47047","TN","Fayette","Contains solar/wind"
"47051","TN","Franklin","Other plant"
"47059","TN","Greene","Contains solar/wind"
"47065","TN","Hamilton","Contains solar/wind"
"47069","TN","Hardeman","Contains solar/wind"
"47071","TN","Hardin","Other plant"
"47073","TN","Hawkins","Contains FF"
"47075","TN","Haywood","Contains FF and solar/wind "
"47079","TN","Henry","Contains solar/wind"
"47085","TN","Humphreys","Contains FF"
"47089","TN","Jefferson","Other plant"
"47093","TN","Knox","Contains FF"
"47103","TN","Lincoln","Contains solar/wind"
"47105","TN","Loudon","Contains FF"
"47109","TN","McNairy","Contains solar/wind"
"47113","TN","Madison","Contains solar/wind"
"47115","TN","Marion","Other plant"
"47125","TN","Montgomery","Other plant"
"47131","TN","Obion","Contains solar/wind"
"47139","TN","Polk","Other plant"
"47143","TN","Rhea","Other plant"
"47145","TN","Roane","Contains FF"
"47149","TN","Rutherford","Contains FF"
"47155","TN","Sevier","Other plant"
"47157","TN","Shelby","Contains FF and solar/wind "
"47159","TN","Smith","Other plant"
"47161","TN","Stewart","Contains FF"
"47163","TN","Sullivan","Contains FF"
"47165","TN","Sumner","Contains FF"
"47177","TN","Warren","Other plant"
"47179","TN","Washington","Contains solar/wind"
"48003","TX","Andrews","Contains FF and solar/wind "
"48009","TX","Archer","Contains solar/wind"
"48013","TX","Atascosa","Contains FF"
"48015","TX","Austin","Contains solar/wind"
"48017","TX","Bailey","Contains solar/wind"
"48021","TX","Bastrop","Contains FF"
"48023","TX","Baylor","Contains solar/wind"
"48025","TX","Bee","Contains solar/wind"
"48027","TX","Bell","Contains FF and solar/wind "
"48029","TX","Bexar","Contains FF and solar/wind "
"48033","TX","Borden","Contains solar/wind"
"48035","TX","Bosque","Contains FF and solar/wind "
"48039","TX","Brazoria","Contains FF and solar/wind "
"48041","TX","Brazos","Contains FF"
"48043","TX","Brewster","Contains solar/wind"
"48045","TX","Briscoe","Contains solar/wind"
"48047","TX","Brooks","Contains solar/wind"
"48049","TX","Brown","Contains solar/wind"
"48053","TX","Burnet","Other plant"
"48057","TX","Calhoun","Contains FF"
"48059","TX","Callahan","Contains solar/wind"
"48061","TX","Cameron","Contains FF and solar/wind "
"48065","TX","Carson","Contains solar/wind"
"48067","TX","Cass","Other plant"
"48069","TX","Castro","Contains solar/wind"
"48071","TX","Chambers","Contains FF"
"48073","TX","Cherokee","Contains FF"
"48075","TX","Childress","Contains solar/wind"
"48077","TX","Clay","Contains solar/wind"
"48079","TX","Cochran","Contains solar/wind"
"48081","TX","Coke","Contains FF and solar/wind "
"48085","TX","Collin","Contains FF and solar/wind "
"48089","TX","Colorado","Contains FF"
"48091","TX","Comal","Other plant"
"48093","TX","Comanche","Contains solar/wind"
"48095","TX","Concho","Contains solar/wind"
"48097","TX","Cooke","Contains solar/wind"
"48103","TX","Crane","Contains solar/wind"
"48105","TX","Crockett","Contains solar/wind"
"48107","TX","Crosby","Contains solar/wind"
"48109","TX","Culberson","Contains solar/wind"
"48113","TX","Dallas","Contains FF and solar/wind "
"48115","TX","Dawson","Contains solar/wind"
"48117","TX","Deaf Smith","Contains solar/wind"
"48121","TX","Denton","Contains FF and solar/wind "
"48125","TX","Dickens","Contains solar/wind"
"48127","TX","Dimmit","Contains solar/wind"
"48129","TX","Donley","Contains solar/wind"
"48135","TX","Ector","Contains FF and solar/wind "
"48139","TX","Ellis","Contains FF and solar/wind "
"48141","TX","El Paso","Contains FF and solar/wind "
"48143","TX","Erath","Contains solar/wind"
"48147","TX","Fannin","Contains solar/wind"
"48149","TX","Fayette","Contains FF"
"48151","TX","Fisher","Contains solar/wind"
"48153","TX","Floyd","Contains solar/wind"
"48155","TX","Foard","Contains solar/wind"
"48157","TX","Fort Bend","Contains FF and solar/wind "
"48159","TX","Franklin","Contains solar/wind"
"48161","TX","Freestone","Contains FF"
"48163","TX","Frio","Contains FF and solar/wind "
"48167","TX","Galveston","Contains FF"
"48173","TX","Glasscock","Contains solar/wind"
"48175","TX","Goliad","Contains FF"
"48181","TX","Grayson","Contains FF and solar/wind "
"48183","TX","Gregg","Contains FF"
"48185","TX","Grimes","Contains FF"
"48187","TX","Guadalupe","Contains FF and solar/wind "
"48189","TX","Hale","Contains FF and solar/wind "
"48193","TX","Hamilton","Contains solar/wind"
"48195","TX","Hansford","Contains solar/wind"
"48197","TX","Hardeman","Contains solar/wind"
"48199","TX","Hardin","Contains FF"
"48201","TX","Harris","Contains FF"
"48203","TX","Harrison","Contains FF"
"48207","TX","Haskell","Contains solar/wind"
"48209","TX","Hays","Contains FF"
"48213","TX","Henderson","Contains FF"
"48215","TX","Hidalgo","Contains FF and solar/wind "
"48217","TX","Hill","Contains solar/wind"
"48221","TX","Hood","Contains FF"
"48227","TX","Howard","Contains FF and solar/wind "
"48231","TX","Hunt","Contains FF and solar/wind "
"48233","TX","Hutchinson","Contains FF"
"48235","TX","Irion","Contains solar/wind"
"48237","TX","Jack","Contains solar/wind"
"48241","TX","Jasper","Other plant"
"48245","TX","Jefferson","Contains FF"
"48247","TX","Jim Hogg","Contains solar/wind"
"48249","TX","Jim Wells","Contains FF"
"48251","TX","Johnson","Contains FF"
"48253","TX","Jones","Contains FF and solar/wind "
"48255","TX","Karnes","Contains solar/wind"
"48257","TX","Kaufman","Contains FF and solar/wind "
"48261","TX","Kenedy","Contains solar/wind"
"48263","TX","Kent","Contains solar/wind"
"48271","TX","Kinney","Contains solar/wind"
"48275","TX","Knox","Contains solar/wind"
"48277","TX","Lamar","Contains FF and solar/wind "
"48279","TX","Lamb","Contains FF"
"48293","TX","Limestone","Contains FF and solar/wind "
"48299","TX","Llano","Contains FF"
"48303","TX","Lubbock","Contains FF and solar/wind "
"48305","TX","Lynn","Contains solar/wind"
"48307","TX","McCulloch","Contains solar/wind"
"48309","TX","McLennan","Contains FF and solar/wind "
"48315","TX","Marion","Contains FF"
"48317","TX","Martin","Contains solar/wind"
"48321","TX","Matagorda","Contains FF and solar/wind "
"48323","TX","Maverick","Contains FF"
"48327","TX","Menard","Contains solar/wind"
"48333","TX","Mills","Contains solar/wind"
"48335","TX","Mitchell","Contains FF and solar/wind "
"48339","TX","Montgomery","Contains FF"
"48341","TX","Moore","Contains solar/wind"
"48347","TX","Nacogdoches","Other plant"
"48349","TX","Navarro","Contains FF and solar/wind "
"48351","TX","Newton","Contains FF"
"48353","TX","Nolan","Contains solar/wind"
"48355","TX","Nueces","Contains FF and solar/wind "
"48357","TX","Ochiltree","Contains solar/wind"
"48359","TX","Oldham","Contains solar/wind"
"48361","TX","Orange","Contains FF"
"48363","TX","Palo Pinto","Contains FF"
"48367","TX","Parker","Other plant"
"48369","TX","Parmer","Contains solar/wind"
"48371","TX","Pecos","Contains FF and solar/wind "
"48373","TX","Polk","Contains solar/wind"
"48375","TX","Potter","Contains FF"
"48377","TX","Presidio","Contains solar/wind"
"48381","TX","Randall","Contains solar/wind"
"48383","TX","Reagan","Contains solar/wind"
"48385","TX","Real","Contains solar/wind"
"48389","TX","Reeves","Contains solar/wind"
"48391","TX","Refugio","Contains solar/wind"
"48393","TX","Roberts","Contains solar/wind"
"48395","TX","Robertson","Contains FF"
"48401","TX","Rusk","Contains FF"
"48407","TX","San Jacinto","Contains FF"
"48409","TX","San Patricio","Contains FF and solar/wind "
"48413","TX","Schleicher","Contains solar/wind"
"48415","TX","Scurry","Contains FF and solar/wind "
"48417","TX","Shackelford","Contains solar/wind"
"48421","TX","Sherman","Contains solar/wind"
"48425","TX","Somervell","Other plant"
"48427","TX","Starr","Contains solar/wind"
"48431","TX","Sterling","Contains solar/wind"
"48439","TX","Tarrant","Contains FF"
"48441","TX","Taylor","Contains FF and solar/wind "
"48447","TX","Throckmorton","Contains solar/wind"
"48449","TX","Titus","Contains FF"
"48451","TX","Tom Green","Contains solar/wind"
"48453","TX","Travis","Contains FF and solar/wind "
"48459","TX","Upshur","Contains solar/wind"
"48461","TX","Upton","Contains solar/wind"
"48463","TX","Uvalde","Contains solar/wind"
"48465","TX","Val Verde","Contains FF and solar/wind "
"48467","TX","Van Zandt","Contains solar/wind"
"48469","TX","Victoria","Contains FF"
"48475","TX","Ward","Contains FF"
"48479","TX","Webb","Contains FF and solar/wind "
"48481","TX","Wharton","Contains FF and solar/wind "
"48485","TX","Wichita","Contains FF"
"48487","TX","Wilbarger","Contains solar/wind"
"48489","TX","Willacy","Contains solar/wind"
"48491","TX","Williamson","Contains FF and solar/wind "
"48493","TX","Wilson","Contains solar/wind"
"48495","TX","Winkler","Contains solar/wind"
"48497","TX","Wise","Contains FF"
"48501","TX","Yoakum","Contains FF"
"48503","TX","Young","Contains FF and solar/wind "
"48505","TX","Zapata","Contains solar/wind"
"51001","VA","Accomack","Contains solar/wind"
"51005","VA","Alleghany","Contains FF"
"51007","VA","Amelia","Contains FF"
"51009","VA","Amherst","Contains solar/wind"
"51011","VA","Appomattox","Contains solar/wind"
"51019","VA","Bedford","Contains FF and solar/wind "
"51025","VA","Brunswick","Contains FF"
"51027","VA","Buchanan","Contains FF"
"51029","VA","Buckingham","Contains FF and solar/wind "
"51031","VA","Campbell","Contains solar/wind"
"51033","VA","Caroline","Contains FF"
"51035","VA","Carroll","Other plant"
"51037","VA","Charlotte","Contains solar/wind"
"51041","VA","Chesterfield","Contains FF and solar/wind "
"51043","VA","Clarke","Contains solar/wind"
"51057","VA","Essex","Contains solar/wind"
"51059","VA","Fairfax","Other plant"
"51061","VA","Fauquier","Contains FF and solar/wind "
"51065","VA","Fluvanna","Contains FF and solar/wind "
"51069","VA","Frederick","Contains FF and solar/wind "
"51071","VA","Giles","Contains FF"
"51073","VA","Gloucester","Contains solar/wind"
"51075","VA","Goochland","Contains solar/wind"
"51077","VA","Grayson","Other plant"
"51081","VA","Greensville","Contains FF and solar/wind "
"51083","VA","Halifax","Contains FF and solar/wind "
"51085","VA","Hanover","Contains FF and solar/wind "
"51087","VA","Henrico","Contains FF and solar/wind "
"51089","VA","Henry","Contains solar/wind"
"51091","VA","Highland","Contains FF"
"51093","VA","Isle of Wight","Contains solar/wind"
"51097","VA","King and Queen","Other plant"
"51099","VA","King George","Other plant"
"51101","VA","King William","Contains solar/wind"
"51103","VA","Lancaster","Contains solar/wind"
"51107","VA","Loudoun","Contains FF"
"51109","VA","Louisa","Contains FF and solar/wind "
"51117","VA","Mecklenburg","Contains solar/wind"
"51119","VA","Middlesex","Contains solar/wind"
"51121","VA","Montgomery","Contains FF"
"51127","VA","New Kent","Contains solar/wind"
"51131","VA","Northampton","Contains FF and solar/wind "
"51139","VA","Page","Other plant"
"51141","VA","Patrick","Other plant"
"51143","VA","Pittsylvania","Contains solar/wind"
"51145","VA","Powhatan","Contains solar/wind"
"51149","VA","Prince George","Contains FF and solar/wind "
"51153","VA","Prince William","Contains FF and solar/wind "
"51155","VA","Pulaski","Other plant"
"51159","VA","Richmond","Contains solar/wind"
"51161","VA","Roanoke","Other plant"
"51165","VA","Rockingham","Contains FF"
"51167","VA","Russell","Contains FF"
"51171","VA","Shenandoah","Contains solar/wind"
"51175","VA","Southampton","Contains FF and solar/wind "
"51177","VA","Spotsylvania","Contains solar/wind"
"51179","VA","Stafford","Other plant"
"51181","VA","Surry","Contains FF and solar/wind "
"51183","VA","Sussex","Contains solar/wind"
"51187","VA","Warren","Contains FF and solar/wind "
"51191","VA","Washington","Contains FF"
"51193","VA","Westmoreland","Contains solar/wind"
"51195","VA","Wise","Contains FF"
"51197","VA","Wythe","Contains solar/wind"
"51810","VA","Virginia Beach","Contains solar/wind"
"54001","WV","Barbour","Contains solar/wind"
"54003","WV","Berkeley","Other plant"
"54019","WV","Fayette","Other plant"
"54023","WV","Grant","Contains FF and solar/wind "
"54025","WV","Greenbrier","Contains solar/wind"
"54033","WV","Harrison","Contains FF"
"54037","WV","Jefferson","Other plant"
"54039","WV","Kanawha","Other plant"
"54049","WV","Marion","Contains FF"
"54051","WV","Marshall","Contains FF"
"54053","WV","Mason","Contains FF"
"54057","WV","Mineral","Contains solar/wind"
"54061","WV","Monongalia","Contains FF"
"54067","WV","Nicholas","Other plant"
"54073","WV","Pleasants","Contains FF"
"54079","WV","Putnam","Contains FF"
"54081","WV","Raleigh","Other plant"
"54093","WV","Tucker","Contains solar/wind"
"54099","WV","Wayne","Contains FF"
"54103","WV","Wetzel","Other plant"
"54107","WV","Wood","Other plant"
